[
    {
        "pk": 1, 
        "model": "activities.track", 
        "fields": {
            "trackfile": "uploads/tracks/2014/10/25/16MileLongRun.FIT", 
            "preview_img": "uploads/previews/2014/10/25/16MileLongRun.jpg", 
            "filetype": "fit"
        }
    }, 
    {
        "pk": 2, 
        "model": "activities.track", 
        "fields": {
            "trackfile": "uploads/tracks/2014/10/25/run.tcx", 
            "preview_img": "uploads/previews/2014/10/25/run.jpg", 
            "filetype": "tcx"
        }
    }, 
    {
        "pk": 3, 
        "model": "activities.track", 
        "fields": {
            "trackfile": "uploads/tracks/2014/10/25/bike.tcx", 
            "preview_img": "uploads/previews/2014/10/25/bike.jpg", 
            "filetype": "tcx"
        }
    }, 
    {
        "pk": 1, 
        "model": "activities.activity", 
        "fields": {
            "comment": "", 
            "time_movement": null, 
            "speed_avg": "13.5", 
            "elevation_min": 9, 
            "sport": 2, 
            "event": 3, 
            "cadence_max": 214, 
            "calorie_formula": 12, 
            "user": 2, 
            "speed_max": "100", 
            "equipment": [], 
            "time_elapsed": 7135, 
            "elevation_loss": 543, 
            "weather_rain": null, 
            "public": false, 
            "weather_hum": null, 
            "elevation_gain": 550, 
            "track": 1, 
            "weather_windspeed": null, 
            "weather_temp": null, 
            "hf_avg": 161, 
            "date": "2013-10-31T15:58:00Z", 
            "weather_stationname": "", 
            "distance": "26.049", 
            "name": "Laufen", 
            "speed_avg_movement": null, 
            "weather_winddir": null, 
            "hf_max": 180, 
            "calories": 1614, 
            "cadence_avg": 174, 
            "time": 6939, 
            "elevation_max": 68
        }
    }, 
    {
        "pk": 2, 
        "model": "activities.activity", 
        "fields": {
            "comment": "", 
            "time_movement": null, 
            "speed_avg": "10.4", 
            "elevation_min": 41, 
            "sport": 2, 
            "event": 3, 
            "cadence_max": null, 
            "calorie_formula": 12, 
            "user": 2, 
            "speed_max": "20", 
            "equipment": [], 
            "time_elapsed": 4246, 
            "elevation_loss": 347, 
            "weather_rain": null, 
            "public": true, 
            "weather_hum": null, 
            "elevation_gain": 346, 
            "track": 2, 
            "weather_windspeed": null, 
            "weather_temp": null, 
            "hf_avg": 160, 
            "date": "2013-11-21T18:02:00Z", 
            "weather_stationname": "", 
            "distance": "11.759", 
            "name": "Laufen2", 
            "speed_avg_movement": null, 
            "weather_winddir": null, 
            "hf_max": 195, 
            "calories": 879, 
            "cadence_avg": null, 
            "time": 4079, 
            "elevation_max": 74
        }
    }, 
    {
        "pk": 3, 
        "model": "activities.activity", 
        "fields": {
            "comment": "", 
            "time_movement": null, 
            "speed_avg": "19", 
            "elevation_min": 53, 
            "sport": 3, 
            "event": 3, 
            "cadence_max": 118, 
            "calorie_formula": 17, 
            "user": 2, 
            "speed_max": "48.6", 
            "equipment": [], 
            "time_elapsed": 7723, 
            "elevation_loss": 134, 
            "weather_rain": null, 
            "public": true, 
            "weather_hum": null, 
            "elevation_gain": 76, 
            "track": 3, 
            "weather_windspeed": null, 
            "weather_temp": null, 
            "hf_avg": 97, 
            "date": "2013-08-27T16:06:00Z", 
            "weather_stationname": "", 
            "distance": "25.508", 
            "name": "Bike", 
            "speed_avg_movement": null, 
            "weather_winddir": null, 
            "hf_max": 162, 
            "calories": 786, 
            "cadence_avg": 74, 
            "time": 4857, 
            "elevation_max": 113
        }
    },
    {
        "pk": 4,
        "model": "activities.activity",
        "fields": {
            "comment": "",
            "time_movement": null,
            "speed_avg": "19",
            "elevation_min": 53,
            "sport": 3,
            "event": 3,
            "cadence_max": 118,
            "calorie_formula": 17,
            "user": 3,
            "speed_max": "48.6",
            "equipment": [],
            "time_elapsed": 7723,
            "elevation_loss": 134,
            "weather_rain": null,
            "public": true,
            "weather_hum": null,
            "elevation_gain": 76,
            "track": 3,
            "weather_windspeed": null,
            "weather_temp": null,
            "hf_avg": 97,
            "date": "2013-08-27T16:06:00Z",
            "weather_stationname": "",
            "distance": "25.508",
            "name": "Bike",
            "speed_avg_movement": null,
            "weather_winddir": null,
            "hf_max": 162,
            "calories": 786,
            "cadence_avg": 74,
            "time": 4857,
            "elevation_max": 113
        }
    },
    {
        "pk": 1, 
        "model": "activities.lap", 
        "fields": {
            "distance": "1.609", 
            "hf_max": 158, 
            "cadence_max": 184, 
            "elevation_gain": 27, 
            "speed_max": "15.2", 
            "activity": 1, 
            "calories": 94, 
            "speed_avg": "13", 
            "cadence_avg": 170, 
            "elevation_min": 20, 
            "elevation_loss": 34, 
            "hf_avg": 144, 
            "time": 445, 
            "date": "2013-10-31T15:58:48Z", 
            "elevation_max": 40
        }
    }, 
    {
        "pk": 2, 
        "model": "activities.lap", 
        "fields": {
            "distance": "1.609", 
            "hf_max": 160, 
            "cadence_max": 190, 
            "elevation_gain": 21, 
            "speed_max": "97.9", 
            "activity": 1, 
            "calories": 99, 
            "speed_avg": "13.6", 
            "cadence_avg": 176, 
            "elevation_min": 13, 
            "elevation_loss": 16, 
            "hf_avg": 157, 
            "time": 426, 
            "date": "2013-10-31T16:06:15Z", 
            "elevation_max": 32
        }
    }, 
    {
        "pk": 3, 
        "model": "activities.lap", 
        "fields": {
            "distance": "1.609", 
            "hf_max": 158, 
            "cadence_max": 184, 
            "elevation_gain": 28, 
            "speed_max": "13.6", 
            "activity": 1, 
            "calories": 100, 
            "speed_avg": "13.3", 
            "cadence_avg": 174, 
            "elevation_min": 10, 
            "elevation_loss": 41, 
            "hf_avg": 153, 
            "time": 435, 
            "date": "2013-10-31T16:13:21Z", 
            "elevation_max": 38
        }
    }, 
    {
        "pk": 4, 
        "model": "activities.lap", 
        "fields": {
            "distance": "1.609", 
            "hf_max": 157, 
            "cadence_max": 186, 
            "elevation_gain": 34, 
            "speed_max": "19.4", 
            "activity": 1, 
            "calories": 95, 
            "speed_avg": "13", 
            "cadence_avg": 166, 
            "elevation_min": 18, 
            "elevation_loss": 32, 
            "hf_avg": 152, 
            "time": 444, 
            "date": "2013-10-31T16:20:36Z", 
            "elevation_max": 39
        }
    }, 
    {
        "pk": 5, 
        "model": "activities.lap", 
        "fields": {
            "distance": "1.609", 
            "hf_max": 161, 
            "cadence_max": 176, 
            "elevation_gain": 34, 
            "speed_max": "13.8", 
            "activity": 1, 
            "calories": 99, 
            "speed_avg": "13.3", 
            "cadence_avg": 174, 
            "elevation_min": 10, 
            "elevation_loss": 28, 
            "hf_avg": 156, 
            "time": 435, 
            "date": "2013-10-31T16:28:00Z", 
            "elevation_max": 37
        }
    }, 
    {
        "pk": 6, 
        "model": "activities.lap", 
        "fields": {
            "distance": "1.609", 
            "hf_max": 165, 
            "cadence_max": 178, 
            "elevation_gain": 65, 
            "speed_max": "13.6", 
            "activity": 1, 
            "calories": 101, 
            "speed_avg": "13", 
            "cadence_avg": 174, 
            "elevation_min": 9, 
            "elevation_loss": 62, 
            "hf_avg": 156, 
            "time": 444, 
            "date": "2013-10-31T16:35:15Z", 
            "elevation_max": 43
        }
    }, 
    {
        "pk": 7, 
        "model": "activities.lap", 
        "fields": {
            "distance": "1.609", 
            "hf_max": 167, 
            "cadence_max": 190, 
            "elevation_gain": 54, 
            "speed_max": "13.5", 
            "activity": 1, 
            "calories": 110, 
            "speed_avg": "12.4", 
            "cadence_avg": 172, 
            "elevation_min": 19, 
            "elevation_loss": 41, 
            "hf_avg": 160, 
            "time": 465, 
            "date": "2013-10-31T16:42:40Z", 
            "elevation_max": 56
        }
    }, 
    {
        "pk": 8, 
        "model": "activities.lap", 
        "fields": {
            "distance": "1.609", 
            "hf_max": 160, 
            "cadence_max": 180, 
            "elevation_gain": 47, 
            "speed_max": "14", 
            "activity": 1, 
            "calories": 94, 
            "speed_avg": "13.8", 
            "cadence_avg": 176, 
            "elevation_min": 34, 
            "elevation_loss": 46, 
            "hf_avg": 157, 
            "time": 419, 
            "date": "2013-10-31T16:50:25Z", 
            "elevation_max": 66
        }
    }, 
    {
        "pk": 9, 
        "model": "activities.lap", 
        "fields": {
            "distance": "1.609", 
            "hf_max": 165, 
            "cadence_max": 182, 
            "elevation_gain": 41, 
            "speed_max": "13.7", 
            "activity": 1, 
            "calories": 110, 
            "speed_avg": "12.9", 
            "cadence_avg": 174, 
            "elevation_min": 24, 
            "elevation_loss": 33, 
            "hf_avg": 160, 
            "time": 449, 
            "date": "2013-10-31T16:57:25Z", 
            "elevation_max": 53
        }
    }, 
    {
        "pk": 10, 
        "model": "activities.lap", 
        "fields": {
            "distance": "1.609", 
            "hf_max": 163, 
            "cadence_max": 186, 
            "elevation_gain": 35, 
            "speed_max": "13.9", 
            "activity": 1, 
            "calories": 96, 
            "speed_avg": "13.7", 
            "cadence_avg": 176, 
            "elevation_min": 35, 
            "elevation_loss": 33, 
            "hf_avg": 159, 
            "time": 421, 
            "date": "2013-10-31T17:04:54Z", 
            "elevation_max": 68
        }
    }, 
    {
        "pk": 11, 
        "model": "activities.lap", 
        "fields": {
            "distance": "1.609", 
            "hf_max": 174, 
            "cadence_max": 214, 
            "elevation_gain": 18, 
            "speed_max": "14.8", 
            "activity": 1, 
            "calories": 102, 
            "speed_avg": "14.3", 
            "cadence_avg": 178, 
            "elevation_min": 36, 
            "elevation_loss": 34, 
            "hf_avg": 170, 
            "time": 403, 
            "date": "2013-10-31T17:11:56Z", 
            "elevation_max": 54
        }
    }, 
    {
        "pk": 12, 
        "model": "activities.lap", 
        "fields": {
            "distance": "1.609", 
            "hf_max": 177, 
            "cadence_max": 190, 
            "elevation_gain": 28, 
            "speed_max": "16.9", 
            "activity": 1, 
            "calories": 105, 
            "speed_avg": "14.4", 
            "cadence_avg": 178, 
            "elevation_min": 36, 
            "elevation_loss": 13, 
            "hf_avg": 173, 
            "time": 403, 
            "date": "2013-10-31T17:18:40Z", 
            "elevation_max": 52
        }
    }, 
    {
        "pk": 13, 
        "model": "activities.lap", 
        "fields": {
            "distance": "1.609", 
            "hf_max": 176, 
            "cadence_max": 200, 
            "elevation_gain": 22, 
            "speed_max": "14.9", 
            "activity": 1, 
            "calories": 105, 
            "speed_avg": "14.4", 
            "cadence_avg": 178, 
            "elevation_min": 43, 
            "elevation_loss": 17, 
            "hf_avg": 173, 
            "time": 402, 
            "date": "2013-10-31T17:25:23Z", 
            "elevation_max": 56
        }
    }, 
    {
        "pk": 14, 
        "model": "activities.lap", 
        "fields": {
            "distance": "1.609", 
            "hf_max": 177, 
            "cadence_max": 190, 
            "elevation_gain": 22, 
            "speed_max": "33.5", 
            "activity": 1, 
            "calories": 101, 
            "speed_avg": "14.7", 
            "cadence_avg": 178, 
            "elevation_min": 39, 
            "elevation_loss": 34, 
            "hf_avg": 173, 
            "time": 393, 
            "date": "2013-10-31T17:32:06Z", 
            "elevation_max": 61
        }
    }, 
    {
        "pk": 15, 
        "model": "activities.lap", 
        "fields": {
            "distance": "1.609", 
            "hf_max": 180, 
            "cadence_max": 196, 
            "elevation_gain": 44, 
            "speed_max": "17.1", 
            "activity": 1, 
            "calories": 83, 
            "speed_avg": "14.4", 
            "cadence_avg": 180, 
            "elevation_min": 18, 
            "elevation_loss": 31, 
            "hf_avg": 177, 
            "time": 402, 
            "date": "2013-10-31T17:38:39Z", 
            "elevation_max": 56
        }
    }, 
    {
        "pk": 16, 
        "model": "activities.lap", 
        "fields": {
            "distance": "0.436", 
            "hf_max": 179, 
            "cadence_max": 182, 
            "elevation_gain": 8, 
            "speed_max": "14.7", 
            "activity": 1, 
            "calories": 27, 
            "speed_avg": "11.7", 
            "cadence_avg": 168, 
            "elevation_min": 31, 
            "elevation_loss": 25, 
            "hf_avg": 167, 
            "time": 133, 
            "date": "2013-10-31T17:45:22Z", 
            "elevation_max": 50
        }
    }, 
    {
        "pk": 17, 
        "model": "activities.lap", 
        "fields": {
            "distance": "0.137", 
            "hf_max": 174, 
            "cadence_max": 188, 
            "elevation_gain": 0, 
            "speed_max": "13.2", 
            "activity": 1, 
            "calories": 7, 
            "speed_avg": "15.9", 
            "cadence_avg": 182, 
            "elevation_min": 29, 
            "elevation_loss": 0, 
            "hf_avg": 168, 
            "time": 31, 
            "date": "2013-10-31T17:47:35Z", 
            "elevation_max": 32
        }
    }, 
    {
        "pk": 18, 
        "model": "activities.lap", 
        "fields": {
            "distance": "0.328", 
            "hf_max": 175, 
            "cadence_max": 184, 
            "elevation_gain": 2, 
            "speed_max": "13.5", 
            "activity": 1, 
            "calories": 23, 
            "speed_avg": "11.9", 
            "cadence_avg": 166, 
            "elevation_min": 27, 
            "elevation_loss": 0, 
            "hf_avg": 166, 
            "time": 98, 
            "date": "2013-10-31T17:48:06Z", 
            "elevation_max": 32
        }
    }, 
    {
        "pk": 19, 
        "model": "activities.lap", 
        "fields": {
            "distance": "0.135", 
            "hf_max": 172, 
            "cadence_max": 188, 
            "elevation_gain": 6, 
            "speed_max": "17.5", 
            "activity": 1, 
            "calories": 6, 
            "speed_avg": "15.8", 
            "cadence_avg": 184, 
            "elevation_min": 30, 
            "elevation_loss": 0, 
            "hf_avg": 166, 
            "time": 30, 
            "date": "2013-10-31T17:49:45Z", 
            "elevation_max": 38
        }
    }, 
    {
        "pk": 20, 
        "model": "activities.lap", 
        "fields": {
            "distance": "0.275", 
            "hf_max": 173, 
            "cadence_max": 188, 
            "elevation_gain": 0, 
            "speed_max": "16.8", 
            "activity": 1, 
            "calories": 21, 
            "speed_avg": "11.2", 
            "cadence_avg": 168, 
            "elevation_min": 21, 
            "elevation_loss": 16, 
            "hf_avg": 164, 
            "time": 88, 
            "date": "2013-10-31T17:50:15Z", 
            "elevation_max": 38
        }
    }, 
    {
        "pk": 21, 
        "model": "activities.lap", 
        "fields": {
            "distance": "0.135", 
            "hf_max": 169, 
            "cadence_max": 192, 
            "elevation_gain": 0, 
            "speed_max": "19.3", 
            "activity": 1, 
            "calories": 6, 
            "speed_avg": "16.4", 
            "cadence_avg": 184, 
            "elevation_min": 17, 
            "elevation_loss": 4, 
            "hf_avg": 164, 
            "time": 29, 
            "date": "2013-10-31T17:51:44Z", 
            "elevation_max": 21
        }
    }, 
    {
        "pk": 22, 
        "model": "activities.lap", 
        "fields": {
            "distance": "0.271", 
            "hf_max": 170, 
            "cadence_max": 182, 
            "elevation_gain": 10, 
            "speed_max": "16.5", 
            "activity": 1, 
            "calories": 20, 
            "speed_avg": "10.9", 
            "cadence_avg": 166, 
            "elevation_min": 17, 
            "elevation_loss": 0, 
            "hf_avg": 162, 
            "time": 89, 
            "date": "2013-10-31T17:52:14Z", 
            "elevation_max": 29
        }
    }, 
    {
        "pk": 23, 
        "model": "activities.lap", 
        "fields": {
            "distance": "0.152", 
            "hf_max": 173, 
            "cadence_max": 202, 
            "elevation_gain": 4, 
            "speed_max": "20.6", 
            "activity": 1, 
            "calories": 7, 
            "speed_avg": "17.9", 
            "cadence_avg": 190, 
            "elevation_min": 27, 
            "elevation_loss": 3, 
            "hf_avg": 167, 
            "time": 30, 
            "date": "2013-10-31T17:53:43Z", 
            "elevation_max": 32
        }
    }, 
    {
        "pk": 24, 
        "model": "activities.lap", 
        "fields": {
            "distance": "0.04", 
            "hf_max": 175, 
            "cadence_max": 190, 
            "elevation_gain": 0, 
            "speed_max": "19", 
            "activity": 1, 
            "calories": 3, 
            "speed_avg": "10.4", 
            "cadence_avg": 124, 
            "elevation_min": 29, 
            "elevation_loss": 0, 
            "hf_avg": 173, 
            "time": 13, 
            "date": "2013-10-31T17:54:14Z", 
            "elevation_max": 30
        }
    }, 
    {
        "pk": 25, 
        "model": "activities.lap", 
        "fields": {
            "distance": "1", 
            "hf_max": 155, 
            "cadence_max": null, 
            "elevation_gain": 39, 
            "speed_max": "10.8", 
            "activity": 2, 
            "calories": 76, 
            "speed_avg": "9.7", 
            "cadence_avg": null, 
            "elevation_min": 50, 
            "elevation_loss": 36, 
            "hf_avg": 146, 
            "time": 373, 
            "date": "2013-11-21T18:02:11Z", 
            "elevation_max": 62
        }
    }, 
    {
        "pk": 26, 
        "model": "activities.lap", 
        "fields": {
            "distance": "0.427", 
            "hf_max": 156, 
            "cadence_max": null, 
            "elevation_gain": 34, 
            "speed_max": "11.7", 
            "activity": 2, 
            "calories": 30, 
            "speed_avg": "2.3", 
            "cadence_avg": null, 
            "elevation_min": 51, 
            "elevation_loss": 38, 
            "hf_avg": 127, 
            "time": 674, 
            "date": "2013-11-21T18:08:25Z", 
            "elevation_max": 60
        }
    }, 
    {
        "pk": 27, 
        "model": "activities.lap", 
        "fields": {
            "distance": "1", 
            "hf_max": 152, 
            "cadence_max": null, 
            "elevation_gain": 31, 
            "speed_max": "10.8", 
            "activity": 2, 
            "calories": 74, 
            "speed_avg": "9.7", 
            "cadence_avg": null, 
            "elevation_min": 50, 
            "elevation_loss": 32, 
            "hf_avg": 143, 
            "time": 373, 
            "date": "2013-11-21T18:19:39Z", 
            "elevation_max": 63
        }
    }, 
    {
        "pk": 28, 
        "model": "activities.lap", 
        "fields": {
            "distance": "1", 
            "hf_max": 172, 
            "cadence_max": null, 
            "elevation_gain": 36, 
            "speed_max": "15.2", 
            "activity": 2, 
            "calories": 74, 
            "speed_avg": "11.9", 
            "cadence_avg": null, 
            "elevation_min": 49, 
            "elevation_loss": 39, 
            "hf_avg": 157, 
            "time": 302, 
            "date": "2013-11-21T18:25:53Z", 
            "elevation_max": 66
        }
    }, 
    {
        "pk": 29, 
        "model": "activities.lap", 
        "fields": {
            "distance": "1", 
            "hf_max": 186, 
            "cadence_max": null, 
            "elevation_gain": 47, 
            "speed_max": "17.1", 
            "activity": 2, 
            "calories": 76, 
            "speed_avg": "11.9", 
            "cadence_avg": null, 
            "elevation_min": 41, 
            "elevation_loss": 34, 
            "hf_avg": 169, 
            "time": 303, 
            "date": "2013-11-21T18:31:23Z", 
            "elevation_max": 67
        }
    }, 
    {
        "pk": 30, 
        "model": "activities.lap", 
        "fields": {
            "distance": "0.79", 
            "hf_max": 179, 
            "cadence_max": null, 
            "elevation_gain": 9, 
            "speed_max": "15", 
            "activity": 2, 
            "calories": 60, 
            "speed_avg": "12.6", 
            "cadence_avg": null, 
            "elevation_min": 48, 
            "elevation_loss": 25, 
            "hf_avg": 167, 
            "time": 226, 
            "date": "2013-11-21T18:36:26Z", 
            "elevation_max": 68
        }
    }, 
    {
        "pk": 31, 
        "model": "activities.lap", 
        "fields": {
            "distance": "1", 
            "hf_max": 181, 
            "cadence_max": null, 
            "elevation_gain": 24, 
            "speed_max": "18.4", 
            "activity": 2, 
            "calories": 76, 
            "speed_avg": "14.5", 
            "cadence_avg": null, 
            "elevation_min": 47, 
            "elevation_loss": 20, 
            "hf_avg": 178, 
            "time": 249, 
            "date": "2013-11-21T18:40:12Z", 
            "elevation_max": 61
        }
    }, 
    {
        "pk": 32, 
        "model": "activities.lap", 
        "fields": {
            "distance": "1", 
            "hf_max": 180, 
            "cadence_max": null, 
            "elevation_gain": 17, 
            "speed_max": "15", 
            "activity": 2, 
            "calories": 76, 
            "speed_avg": "13.9", 
            "cadence_avg": null, 
            "elevation_min": 48, 
            "elevation_loss": 19, 
            "hf_avg": 178, 
            "time": 259, 
            "date": "2013-11-21T18:44:22Z", 
            "elevation_max": 58
        }
    }, 
    {
        "pk": 33, 
        "model": "activities.lap", 
        "fields": {
            "distance": "1", 
            "hf_max": 184, 
            "cadence_max": null, 
            "elevation_gain": 37, 
            "speed_max": "15.4", 
            "activity": 2, 
            "calories": 75, 
            "speed_avg": "13.5", 
            "cadence_avg": null, 
            "elevation_min": 45, 
            "elevation_loss": 23, 
            "hf_avg": 181, 
            "time": 266, 
            "date": "2013-11-21T18:48:41Z", 
            "elevation_max": 63
        }
    }, 
    {
        "pk": 34, 
        "model": "activities.lap", 
        "fields": {
            "distance": "1", 
            "hf_max": 189, 
            "cadence_max": null, 
            "elevation_gain": 18, 
            "speed_max": "20", 
            "activity": 2, 
            "calories": 74, 
            "speed_avg": "15.1", 
            "cadence_avg": null, 
            "elevation_min": 52, 
            "elevation_loss": 26, 
            "hf_avg": 185, 
            "time": 239, 
            "date": "2013-11-21T18:53:07Z", 
            "elevation_max": 74
        }
    }, 
    {
        "pk": 35, 
        "model": "activities.lap", 
        "fields": {
            "distance": "1", 
            "hf_max": 192, 
            "cadence_max": null, 
            "elevation_gain": 15, 
            "speed_max": "17.3", 
            "activity": 2, 
            "calories": 75, 
            "speed_avg": "15.2", 
            "cadence_avg": null, 
            "elevation_min": 51, 
            "elevation_loss": 16, 
            "hf_avg": 191, 
            "time": 237, 
            "date": "2013-11-21T18:57:07Z", 
            "elevation_max": 59
        }
    }, 
    {
        "pk": 36, 
        "model": "activities.lap", 
        "fields": {
            "distance": "0.693", 
            "hf_max": 195, 
            "cadence_max": null, 
            "elevation_gain": 11, 
            "speed_max": "16.7", 
            "activity": 2, 
            "calories": 53, 
            "speed_avg": "15", 
            "cadence_avg": null, 
            "elevation_min": 50, 
            "elevation_loss": 9, 
            "hf_avg": 194, 
            "time": 166, 
            "date": "2013-11-21T19:01:04Z", 
            "elevation_max": 57
        }
    }, 
    {
        "pk": 37, 
        "model": "activities.lap", 
        "fields": {
            "distance": "0.85", 
            "hf_max": 192, 
            "cadence_max": null, 
            "elevation_gain": 28, 
            "speed_max": "11.6", 
            "activity": 2, 
            "calories": 60, 
            "speed_avg": "7.4", 
            "cadence_avg": null, 
            "elevation_min": 49, 
            "elevation_loss": 30, 
            "hf_avg": 159, 
            "time": 412, 
            "date": "2013-11-21T19:03:50Z", 
            "elevation_max": 58
        }
    }, 
    {
        "pk": 38, 
        "model": "activities.lap", 
        "fields": {
            "distance": "25.508", 
            "hf_max": 162, 
            "cadence_max": 118, 
            "elevation_gain": 76, 
            "speed_max": "48.1", 
            "activity": 3, 
            "calories": 786, 
            "speed_avg": "18.9", 
            "cadence_avg": 74, 
            "elevation_min": 53, 
            "elevation_loss": 134, 
            "hf_avg": 97, 
            "time": 4857, 
            "date": "2013-08-27T16:06:05Z", 
            "elevation_max": 113
        }
    }
]